{
    "train_loss": [
        0.49374995869436084,
        0.3580032517053899,
        0.27683203095558345,
        0.20892136389757418,
        0.19365605322798346,
        0.17223540952156305,
        0.1641730460735738,
        0.15292410523138322,
        0.13617979832420682,
        0.1385116495820842,
        0.1391134792760869,
        0.11953475850984265,
        0.11790225224474528,
        0.09046629605559739,
        0.10002033392436042,
        0.11641160601299184,
        0.09166593998700238,
        0.10548002841722244,
        0.0759768398893125,
        0.0826213580473166,
        0.10569194162703434,
        0.07225624146903895,
        0.07267500706028882,
        0.07335762226076167,
        0.036290646270792454,
        0.022340019713274564,
        0.017804071616109276,
        0.02305727242640439,
        0.027721429900095684,
        0.035190941291715905,
        0.03165866878453885,
        0.029630633532833368,
        0.03021863942201565,
        0.01892190572654066,
        0.02866274164869097,
        0.03187104696252199,
        0.0179582011180961,
        0.028363060590410293,
        0.019412039672211775,
        0.010342016455006101,
        0.008934631868208845,
        0.009017187804387806,
        0.010343815563944543,
        0.007498358450196001,
        0.006575473596909711,
        0.010616505794682866,
        0.004203337517549461,
        0.003811774438131318,
        0.004050780183212164,
        0.003341632621124089
    ],
    "train_acc": [
        82.86,
        87.78,
        89.6,
        92.52,
        93.08,
        93.84,
        94.48,
        94.1,
        95.18,
        95.28,
        95.22,
        95.84,
        95.96,
        96.98,
        96.62,
        96.0,
        96.54,
        95.94,
        97.46,
        97.56,
        96.3,
        97.76,
        97.46,
        97.52,
        98.78,
        99.38,
        99.32,
        99.34,
        99.1,
        98.82,
        98.9,
        98.98,
        99.12,
        99.44,
        99.14,
        99.0,
        99.3,
        99.08,
        99.36,
        99.66,
        99.74,
        99.76,
        99.58,
        99.84,
        99.84,
        99.68,
        99.88,
        99.9,
        99.88,
        99.82
    ],
    "val_loss": [
        2.1865850464180703,
        0.37603018624940887,
        1.0378963624330027,
        1.0772210929681023,
        0.6027853222533395,
        0.3525535551707435,
        0.34734245923755225,
        0.15300269184808712,
        0.5458211696604849,
        0.27074008945851347,
        0.157515117026378,
        0.2501303489316342,
        0.14856969633001427,
        0.14985790701393853,
        0.22669976653423873,
        1.3187189870423026,
        0.25766876810607187,
        0.08158993249116975,
        0.21353623463946292,
        0.20621869357125888,
        0.70527820800271,
        0.09878406177904253,
        0.48978734895445086,
        1.278393574676187,
        0.05816620769644487,
        0.05157952997171833,
        0.05611442505794173,
        0.07018143320755144,
        0.08251585925147964,
        0.06331464286502353,
        0.12380923402459121,
        0.04163923958493854,
        0.2751310458214231,
        0.04401268134280656,
        0.06535287801636969,
        0.059928761623273985,
        0.0765751819126308,
        0.1218013845636925,
        0.05160141849278865,
        0.035929689798322784,
        0.029853132593046894,
        0.03443943189068044,
        0.047290704324787214,
        0.048224735338473934,
        0.03772248783051424,
        0.05109085668460622,
        0.048257240297893134,
        0.043107574877808474,
        0.047417875555848976,
        0.04983795745517483
    ],
    "val_acc": [
        60.4,
        87.4,
        66.9,
        70.2,
        83.6,
        87.6,
        87.4,
        94.9,
        80.5,
        90.8,
        95.2,
        91.7,
        95.0,
        94.4,
        92.2,
        65.0,
        92.8,
        97.5,
        92.1,
        93.8,
        77.7,
        97.5,
        85.8,
        66.4,
        98.3,
        98.7,
        98.7,
        98.2,
        98.4,
        98.2,
        97.2,
        98.7,
        91.9,
        99.1,
        98.5,
        98.5,
        97.6,
        96.0,
        98.8,
        99.2,
        99.3,
        99.2,
        98.9,
        99.1,
        99.1,
        99.1,
        99.2,
        99.3,
        99.4,
        99.2
    ]
}